<?xml version="1.0" encoding="UTF-8"?><wcs:Capabilities version="1.1.1" xmlns:wcs="http://www.opengis.net/wcs/1.1.1" xmlns:xlink="http://www.w3.org/1999/xlink" xmlns:ogc="http://www.opengis.net/ogc" xmlns:ows="http://www.opengis.net/ows/1.1" xmlns:gml="http://www.opengis.net/gml" xmlns:xsi="http://www.w3.org/2001/XMLSchema-instance" xsi:schemaLocation="http://www.opengis.net/wcs/1.1.1 http://196.24.60.62:8084/geoserver/schemas/wcs/1.1.1/wcsGetCapabilities.xsd" updateSequence="1123"><ows:ServiceIdentification><ows:Title>Web Coverage Service</ows:Title><ows:Abstract>This server implements the WCS specification 1.0 and 1.1.1, it's reference implementation of WCS 1.1.1. All layers published by this service are available on WMS also.
     </ows:Abstract><ows:Keywords><ows:Keyword>WCS</ows:Keyword><ows:Keyword>WMS</ows:Keyword><ows:Keyword>GEOSERVER</ows:Keyword></ows:Keywords><ows:ServiceType>WCS</ows:ServiceType><ows:ServiceTypeVersion>1.1.0</ows:ServiceTypeVersion><ows:ServiceTypeVersion>1.1.1</ows:ServiceTypeVersion><ows:Fees>NONE</ows:Fees><ows:AccessConstraints>NONE</ows:AccessConstraints></ows:ServiceIdentification><ows:ServiceProvider><ows:ProviderName>SAEON 4</ows:ProviderName><ows:ProviderSite xlink:href="http://geoserver.org"/><ows:ServiceContact><ows:IndividualName>Fiona Cuff</ows:IndividualName><ows:PositionName>Database Support</ows:PositionName><ows:ContactInfo><ows:Phone><ows:Voice>0214023255</ows:Voice></ows:Phone><ows:Address><ows:DeliveryPoint>Foreshore</ows:DeliveryPoint><ows:City>Cape Town</ows:City><ows:Country>South Africa</ows:Country><ows:ElectronicMailAddress>fiona.cuff@gmail.com</ows:ElectronicMailAddress></ows:Address><ows:OnlineResource xlink:href="http://geoserver.org"/></ows:ContactInfo></ows:ServiceContact></ows:ServiceProvider><ows:OperationsMetadata><ows:Operation name="GetCapabilities"><ows:DCP><ows:HTTP><ows:Get xlink:href="http://196.24.60.62:8084/geoserver/wcs?"/></ows:HTTP></ows:DCP><ows:DCP><ows:HTTP><ows:Post xlink:href="http://196.24.60.62:8084/geoserver/wcs?"/></ows:HTTP></ows:DCP></ows:Operation><ows:Operation name="DescribeCoverage"><ows:DCP><ows:HTTP><ows:Get xlink:href="http://196.24.60.62:8084/geoserver/wcs?"/></ows:HTTP></ows:DCP><ows:DCP><ows:HTTP><ows:Post xlink:href="http://196.24.60.62:8084/geoserver/wcs?"/></ows:HTTP></ows:DCP></ows:Operation><ows:Operation name="GetCoverage"><ows:DCP><ows:HTTP><ows:Get xlink:href="http://196.24.60.62:8084/geoserver/wcs?"/></ows:HTTP></ows:DCP><ows:DCP><ows:HTTP><ows:Post xlink:href="http://196.24.60.62:8084/geoserver/wcs?"/></ows:HTTP></ows:DCP><ows:Parameter name="store"><ows:AllowedValues><ows:Value>True</ows:Value><ows:Value>False</ows:Value></ows:AllowedValues></ows:Parameter></ows:Operation><ows:Constraint name="PostEncoding"><ows:AllowedValues><ows:Value>XML</ows:Value></ows:AllowedValues></ows:Constraint></ows:OperationsMetadata><wcs:Contents><wcs:CoverageSummary><ows:Title>100m_Savanna_AboveGroundBiomassWoody_tonnes-ha_CSIR_NRE_2017_01-27</ows:Title><ows:Abstract>Generated from GeoTIFF</ows:Abstract><ows:Keywords><ows:Keyword>WCS</ows:Keyword><ows:Keyword>GeoTIFF</ows:Keyword><ows:Keyword>100m_Savanna_AboveGroundBiomassWoody_tonnes-ha_CSIR_NRE_2017_01-27</ows:Keyword></ows:Keywords><ows:WGS84BoundingBox><ows:LowerCorner>18.8156936313342 -33.971761342609035</ows:LowerCorner><ows:UpperCorner>32.80017856836943 -21.686652610363055</ows:UpperCorner></ows:WGS84BoundingBox><wcs:Identifier>DEA_CARBON_II:100m_Savanna_AboveGroundBiomassWoody_tonnes-ha_CSIR_NRE_2017_01-27</wcs:Identifier></wcs:CoverageSummary><wcs:CoverageSummary><ows:Title>100m_Savanna_WoodyFractionalCover_percent_CSIR_NRE_2017-01-27</ows:Title><ows:Abstract>Generated from GeoTIFF</ows:Abstract><ows:Keywords><ows:Keyword>WCS</ows:Keyword><ows:Keyword>GeoTIFF</ows:Keyword><ows:Keyword>100m_Savanna_WoodyFractionalCover_percent_CSIR_NRE_2017-01-27</ows:Keyword></ows:Keywords><ows:WGS84BoundingBox><ows:LowerCorner>18.8156936313342 -33.971761342609035</ows:LowerCorner><ows:UpperCorner>32.80017856836943 -21.686652610363055</ows:UpperCorner></ows:WGS84BoundingBox><wcs:Identifier>DEA_CARBON_II:100m_Savanna_WoodyFractionalCover_percent_CSIR_NRE_2017-01-27</wcs:Identifier></wcs:CoverageSummary><wcs:CoverageSummary><ows:Title>1km_Savanna_AboveGroundBiomassWoody_tonnes-ha_CSIR_NRE_2017_01-27</ows:Title><ows:Abstract>Generated from GeoTIFF</ows:Abstract><ows:Keywords><ows:Keyword>WCS</ows:Keyword><ows:Keyword>GeoTIFF</ows:Keyword><ows:Keyword>1km_Savanna_AboveGroundBiomassWoody_tonnes-ha_CSIR_NRE_2017_01-27</ows:Keyword></ows:Keywords><ows:WGS84BoundingBox><ows:LowerCorner>18.8156936313342 -33.97176880481349</ows:LowerCorner><ows:UpperCorner>32.80662764589854 -21.686652610363055</ows:UpperCorner></ows:WGS84BoundingBox><wcs:Identifier>DEA_CARBON_II:1km_Savanna_AboveGroundBiomassWoody_tonnes-ha_CSIR_NRE_2017_01-27</wcs:Identifier></wcs:CoverageSummary><wcs:CoverageSummary><ows:Title>1km_Savanna_WoodyFractionalCover_percent_CSIR_NRE_2017-01-27</ows:Title><ows:Abstract>Generated from GeoTIFF</ows:Abstract><ows:Keywords><ows:Keyword>WCS</ows:Keyword><ows:Keyword>GeoTIFF</ows:Keyword><ows:Keyword>1km_Savanna_WoodyFractionalCover_percent_CSIR_NRE_2017-01-27</ows:Keyword></ows:Keywords><ows:WGS84BoundingBox><ows:LowerCorner>18.8156936313342 -33.97176880481349</ows:LowerCorner><ows:UpperCorner>32.80662764589854 -21.686652610363055</ows:UpperCorner></ows:WGS84BoundingBox><wcs:Identifier>DEA_CARBON_II:1km_Savanna_WoodyFractionalCover_percent_CSIR_NRE_2017-01-27</wcs:Identifier></wcs:CoverageSummary><wcs:CoverageSummary><ows:Title>2013-14 National Land Cover - 72 classes</ows:Title><ows:Abstract>Generated from GeoTIFF</ows:Abstract><ows:Keywords><ows:Keyword>WCS</ows:Keyword><ows:Keyword>GeoTIFF</ows:Keyword><ows:Keyword>2013-14 National Land Cover - 72 classes</ows:Keyword></ows:Keywords><ows:WGS84BoundingBox><ows:LowerCorner>13.565076982024655 -36.56567589239859</ows:LowerCorner><ows:UpperCorner>35.905786292278776 -19.86959523027717</ows:UpperCorner></ows:WGS84BoundingBox><wcs:Identifier>DEA_CARBON_II:2013-14 National Land Cover - 72 classes</wcs:Identifier></wcs:CoverageSummary><wcs:CoverageSummary><ows:Title>Above Ground Biomass Woody (tDM/ha)</ows:Title><ows:Abstract>Generated from GeoTIFF</ows:Abstract><ows:Keywords><ows:Keyword>WCS</ows:Keyword><ows:Keyword>GeoTIFF</ows:Keyword><ows:Keyword>AboveGroundBiomassWoody_tDM_ha_DEA_CSIR_1.1.10-2015-10-09</ows:Keyword><ows:Keyword>Above ground  woody biomass</ows:Keyword><ows:Keyword>woody tree cover</ows:Keyword><ows:Keyword>carbon atlas</ows:Keyword></ows:Keywords><ows:WGS84BoundingBox><ows:LowerCorner>-868958.792814054 -3864574.4240013864</ows:LowerCorner><ows:UpperCorner>803222.9240476162 -2429067.075315728</ows:UpperCorner></ows:WGS84BoundingBox><wcs:Identifier>DEA_Carbon:AboveGroundBiomassWoody_tDM_ha_DEA_CSIR_1.1.10-2015-10-09</wcs:Identifier></wcs:CoverageSummary><wcs:CoverageSummary><ows:Title>Above Ground Woody Biomass (gC/sq.m)</ows:Title><ows:Abstract>Generated from GeoTIFF</ows:Abstract><ows:Keywords><ows:Keyword>WCS</ows:Keyword><ows:Keyword>GeoTIFF</ows:Keyword><ows:Keyword>AboveGroundBiomassWoody_gC_sq.m_DEA_CSIR_1.1.9-2015-10-06</ows:Keyword></ows:Keywords><ows:WGS84BoundingBox><ows:LowerCorner>-868958.792814054 -3864574.4240013864</ows:LowerCorner><ows:UpperCorner>803222.9240476162 -2429067.075315728</ows:UpperCorner></ows:WGS84BoundingBox><wcs:Identifier>DEA_Carbon:AboveGroundBiomassWoody_gC_sq.m_DEA_CSIR_1.1.9-2015-10-06</wcs:Identifier></wcs:CoverageSummary><wcs:CoverageSummary><ows:Title>AboveGroundBiomassHerbaceous_gC_sq.m_DEA_CSIR_1.1.9-2015-10-06</ows:Title><ows:Abstract>Generated from GeoTIFF</ows:Abstract><ows:Keywords><ows:Keyword>WCS</ows:Keyword><ows:Keyword>GeoTIFF</ows:Keyword><ows:Keyword>AboveGroundBiomassHerbaceous_gC_sq.m_DEA_CSIR_1.1.9-2015-10-06</ows:Keyword></ows:Keywords><ows:WGS84BoundingBox><ows:LowerCorner>15.637660927790398 -35.02706985258885</ows:LowerCorner><ows:UpperCorner>33.65555257021676 -21.918463139317335</ows:UpperCorner></ows:WGS84BoundingBox><wcs:Identifier>DEA_Carbon:AboveGroundBiomassHerbaceous_gC_sq.m_DEA_CSIR_1.1.9-2015-10-06</wcs:Identifier></wcs:CoverageSummary><wcs:CoverageSummary><ows:Title>AboveGroundBiomassWoody_gC_sq.m_DEA_CSIR_1.1.9-2015-10-06-replace_zero</ows:Title><ows:Abstract>Generated from GeoTIFF</ows:Abstract><ows:Keywords><ows:Keyword>WCS</ows:Keyword><ows:Keyword>GeoTIFF</ows:Keyword><ows:Keyword>AboveGroundBiomassWoody_gC_sq.m_DEA_CSIR_1.1.9-2015-10-06-replace_zero</ows:Keyword></ows:Keywords><ows:WGS84BoundingBox><ows:LowerCorner>15.637660927790398 -35.02706985258885</ows:LowerCorner><ows:UpperCorner>33.65555257021676 -21.918463139317335</ows:UpperCorner></ows:WGS84BoundingBox><wcs:Identifier>DEA_Carbon:AboveGroundBiomassWoody_gC_sq.m_DEA_CSIR_1.1.9-2015-10-06-replace_zero</wcs:Identifier></wcs:CoverageSummary><wcs:CoverageSummary><ows:Title>AboveGroundBiomassWoody_tDM_ha_DEA_CSIR_1.1.10-2015-10-09_test</ows:Title><ows:Abstract>Generated from GeoTIFF</ows:Abstract><ows:Keywords><ows:Keyword>WCS</ows:Keyword><ows:Keyword>GeoTIFF</ows:Keyword><ows:Keyword>AboveGroundBiomassWoody_tDM_ha_DEA_CSIR_1.1.10-2015-10-09_test</ows:Keyword></ows:Keywords><ows:WGS84BoundingBox><ows:LowerCorner>15.637660927790398 -35.02706985258885</ows:LowerCorner><ows:UpperCorner>33.65555257021676 -21.918463139317335</ows:UpperCorner></ows:WGS84BoundingBox><wcs:Identifier>DEA_Carbon:AboveGroundBiomassWoody_tDM_ha_DEA_CSIR_1.1.10-2015-10-09_test</wcs:Identifier></wcs:CoverageSummary><wcs:CoverageSummary><ows:Title>Average Monthly Maximum Temperature</ows:Title><ows:Abstract>Generated from GeoTIFF</ows:Abstract><ows:Keywords><ows:Keyword>WCS</ows:Keyword><ows:Keyword>GeoTIFF</ows:Keyword><ows:Keyword>AveMonthlyMaxTemp</ows:Keyword></ows:Keywords><ows:WGS84BoundingBox><ows:LowerCorner>15.639025394415597 -35.04290876755043</ows:LowerCorner><ows:UpperCorner>33.67222553914695 -21.933365660848892</ows:UpperCorner></ows:WGS84BoundingBox><wcs:Identifier>DEA_Carbon:AveMonthlyMaxTemp</wcs:Identifier></wcs:CoverageSummary><wcs:CoverageSummary><ows:Title>Average Monthly Minimum Temperature</ows:Title><ows:Abstract>Generated from GeoTIFF</ows:Abstract><ows:Keywords><ows:Keyword>WCS</ows:Keyword><ows:Keyword>GeoTIFF</ows:Keyword><ows:Keyword>AveMonthlyMinTemp</ows:Keyword></ows:Keywords><ows:WGS84BoundingBox><ows:LowerCorner>15.639025394415597 -35.04290876755043</ows:LowerCorner><ows:UpperCorner>33.67222553914695 -21.933365660848892</ows:UpperCorner></ows:WGS84BoundingBox><wcs:Identifier>DEA_Carbon:AveMonthlyMinTemp</wcs:Identifier></wcs:CoverageSummary><wcs:CoverageSummary><ows:Title>Biomes (Raster)</ows:Title><ows:Abstract>Generated from GeoTIFF</ows:Abstract><ows:Keywords><ows:Keyword>WCS</ows:Keyword><ows:Keyword>GeoTIFF</ows:Keyword><ows:Keyword>Biomes</ows:Keyword></ows:Keywords><ows:WGS84BoundingBox><ows:LowerCorner>15.08270445800624 -35.319683073145065</ows:LowerCorner><ows:UpperCorner>33.68329775419167 -21.76174808472585</ows:UpperCorner></ows:WGS84BoundingBox><wcs:Identifier>DEA_Carbon:Biomes</wcs:Identifier></wcs:CoverageSummary><wcs:CoverageSummary><ows:Title>DEA LandCover Classes (2013-2014)</ows:Title><ows:Abstract>Generated from GeoTIFF</ows:Abstract><ows:Keywords><ows:Keyword>WCS</ows:Keyword><ows:Keyword>GeoTIFF</ows:Keyword><ows:Keyword>DEA_2013-2014 LandCover_12classess_1km</ows:Keyword></ows:Keywords><ows:WGS84BoundingBox><ows:LowerCorner>13.528339365107119 -36.59140636156664</ows:LowerCorner><ows:UpperCorner>35.91041683561169 -19.833605233047937</ows:UpperCorner></ows:WGS84BoundingBox><wcs:Identifier>DEA_Carbon:DEA_2013-2014 LandCover_12classess_1km</wcs:Identifier></wcs:CoverageSummary><wcs:CoverageSummary><ows:Title>Dynamic Vegetation Model 1990</ows:Title><ows:Abstract>Generated from GeoTIFF</ows:Abstract><ows:Keywords><ows:Keyword>WCS</ows:Keyword><ows:Keyword>GeoTIFF</ows:Keyword><ows:Keyword>1990_Simulated_Biomes_of_South_Africa_SAEON_2016-10-01</ows:Keyword></ows:Keywords><ows:WGS84BoundingBox><ows:LowerCorner>15.866608081511634 -35.05639554151273</ows:LowerCorner><ows:UpperCorner>33.65454628484889 -21.951747428101164</ows:UpperCorner></ows:WGS84BoundingBox><wcs:Identifier>DEA_CARBON_II:1990_Simulated_Biomes_of_South_Africa_SAEON_2016-10-01</wcs:Identifier></wcs:CoverageSummary><wcs:CoverageSummary><ows:Title>Dynamic Vegetation Model 2100</ows:Title><ows:Abstract>Generated from GeoTIFF</ows:Abstract><ows:Keywords><ows:Keyword>WCS</ows:Keyword><ows:Keyword>GeoTIFF</ows:Keyword><ows:Keyword>2100_Simulated_Biomes_of_South_Africa_SAEON_2016-10-01</ows:Keyword></ows:Keywords><ows:WGS84BoundingBox><ows:LowerCorner>15.866608081511634 -35.05639554151273</ows:LowerCorner><ows:UpperCorner>33.65454628484889 -21.951747428101164</ows:UpperCorner></ows:WGS84BoundingBox><wcs:Identifier>DEA_CARBON_II:2100_Simulated_Biomes_of_South_Africa_SAEON_2016-10-01</wcs:Identifier></wcs:CoverageSummary><wcs:CoverageSummary><ows:Title>Gross Primary Production (gC/sq.m/yr)</ows:Title><ows:Abstract>Generated from GeoTIFF</ows:Abstract><ows:Keywords><ows:Keyword>WCS</ows:Keyword><ows:Keyword>GeoTIFF</ows:Keyword><ows:Keyword>GrossPrimaryProduction_gC_sq.m_yr_DEA_CSIR_1.1.9-2015-10-06</ows:Keyword><ows:Keyword>Carbon flux</ows:Keyword><ows:Keyword>GPP</ows:Keyword><ows:Keyword>Gross Primary Production</ows:Keyword><ows:Keyword>Carbon atlas</ows:Keyword></ows:Keywords><ows:WGS84BoundingBox><ows:LowerCorner>15.637660927790398 -35.02706985258885</ows:LowerCorner><ows:UpperCorner>33.65555257021676 -21.918463139317335</ows:UpperCorner></ows:WGS84BoundingBox><wcs:Identifier>DEA_Carbon:GrossPrimaryProduction_gC_sq.m_yr_DEA_CSIR_1.1.9-2015-10-06</wcs:Identifier></wcs:CoverageSummary><wcs:CoverageSummary><ows:Title>LimpopoMODISAboveHerbaceousGroundBiomass_gC_sq.m_DEA_CSIR_1.1-2015-11-20</ows:Title><ows:Abstract>Generated from GeoTIFF</ows:Abstract><ows:Keywords><ows:Keyword>WCS</ows:Keyword><ows:Keyword>GeoTIFF</ows:Keyword><ows:Keyword>LimpopoMODISAboveHerbaceousGroundBiomass_gC_sq.m_DEA_CSIR_1.1-2015-11-20</ows:Keyword></ows:Keywords><ows:WGS84BoundingBox><ows:LowerCorner>21.387813982474327 -30.21701064683221</ows:LowerCorner><ows:UpperCorner>33.891890730111044 -21.92325823022334</ows:UpperCorner></ows:WGS84BoundingBox><wcs:Identifier>DEA_Carbon:LimpopoMODISAboveHerbaceousGroundBiomass_gC_sq.m_DEA_CSIR_1.1-2015-11-20</wcs:Identifier></wcs:CoverageSummary><wcs:CoverageSummary><ows:Title>Net Primary Production (gC/sq.m/yr)</ows:Title><ows:Abstract>Generated from GeoTIFF</ows:Abstract><ows:Keywords><ows:Keyword>WCS</ows:Keyword><ows:Keyword>GeoTIFF</ows:Keyword><ows:Keyword>NetPrimaryProduction_gC_sq.m_yr_DEA_CSIR_1.1.9-2015-10-06</ows:Keyword><ows:Keyword>Carbon flux</ows:Keyword><ows:Keyword>NPP</ows:Keyword><ows:Keyword>Net Primary Production</ows:Keyword><ows:Keyword>NEP</ows:Keyword><ows:Keyword>Carbon atlas</ows:Keyword></ows:Keywords><ows:WGS84BoundingBox><ows:LowerCorner>15.637660927790398 -35.02706985258885</ows:LowerCorner><ows:UpperCorner>33.65555257021669 -21.91846313931737</ows:UpperCorner></ows:WGS84BoundingBox><wcs:Identifier>DEA_Carbon:NetPrimaryProduction_gC_sq.m_yr_DEA_CSIR_1.1.9-2015-10-06</wcs:Identifier></wcs:CoverageSummary><wcs:CoverageSummary><ows:Title>Rain 1986-2015 10th Percentile</ows:Title><ows:Abstract>Generated from GeoTIFF</ows:Abstract><ows:Keywords><ows:Keyword>WCS</ows:Keyword><ows:Keyword>GeoTIFF</ows:Keyword><ows:Keyword>Rain 1986-2015 10th Percentile</ows:Keyword></ows:Keywords><ows:WGS84BoundingBox><ows:LowerCorner>9.0 -35.5</ows:LowerCorner><ows:UpperCorner>42.5 0.0</ows:UpperCorner></ows:WGS84BoundingBox><wcs:Identifier>DEA_CARBON_II:Rain 1986-2015 10th Percentile</wcs:Identifier></wcs:CoverageSummary><wcs:CoverageSummary><ows:Title>Rain 1986-2015 90th Percentile</ows:Title><ows:Abstract>Generated from GeoTIFF</ows:Abstract><ows:Keywords><ows:Keyword>WCS</ows:Keyword><ows:Keyword>GeoTIFF</ows:Keyword><ows:Keyword>Rain 1986-2015 90th Percentile</ows:Keyword></ows:Keywords><ows:WGS84BoundingBox><ows:LowerCorner>9.0 -35.5</ows:LowerCorner><ows:UpperCorner>42.5 0.0</ows:UpperCorner></ows:WGS84BoundingBox><wcs:Identifier>DEA_CARBON_II:Rain 1986-2015 90th Percentile</wcs:Identifier></wcs:CoverageSummary><wcs:CoverageSummary><ows:Title>Rain 1986-2015 Median</ows:Title><ows:Abstract>Generated from GeoTIFF</ows:Abstract><ows:Keywords><ows:Keyword>WCS</ows:Keyword><ows:Keyword>GeoTIFF</ows:Keyword><ows:Keyword>Rain 1986-2015 Median</ows:Keyword></ows:Keywords><ows:WGS84BoundingBox><ows:LowerCorner>9.0 -35.5</ows:LowerCorner><ows:UpperCorner>42.5 0.0</ows:UpperCorner></ows:WGS84BoundingBox><wcs:Identifier>DEA_CARBON_II:Rain 1986-2015 Median</wcs:Identifier></wcs:CoverageSummary><wcs:CoverageSummary><ows:Title>Rain A2 Change between 2000 and 2050 10th Percentile</ows:Title><ows:Abstract>Generated from GeoTIFF</ows:Abstract><ows:Keywords><ows:Keyword>WCS</ows:Keyword><ows:Keyword>GeoTIFF</ows:Keyword><ows:Keyword>Rain A2 Change between 2000 and 2050 10th Percentile</ows:Keyword></ows:Keywords><ows:WGS84BoundingBox><ows:LowerCorner>9.0 -35.5</ows:LowerCorner><ows:UpperCorner>42.5 0.0</ows:UpperCorner></ows:WGS84BoundingBox><wcs:Identifier>DEA_CARBON_II:Rain A2 Change between 2000 and 2050 10th Percentile</wcs:Identifier></wcs:CoverageSummary><wcs:CoverageSummary><ows:Title>Rain A2 Change between 2000 and 2050 90th Percentile</ows:Title><ows:Abstract>Generated from GeoTIFF</ows:Abstract><ows:Keywords><ows:Keyword>WCS</ows:Keyword><ows:Keyword>GeoTIFF</ows:Keyword><ows:Keyword>Rain A2 Change between 2000 and 2050 90th Percentile</ows:Keyword></ows:Keywords><ows:WGS84BoundingBox><ows:LowerCorner>9.0 -35.5</ows:LowerCorner><ows:UpperCorner>42.5 0.0</ows:UpperCorner></ows:WGS84BoundingBox><wcs:Identifier>DEA_CARBON_II:Rain A2 Change between 2000 and 2050 90th Percentile</wcs:Identifier></wcs:CoverageSummary><wcs:CoverageSummary><ows:Title>Rain A2 Change between 2000 and 2050 Median</ows:Title><ows:Abstract>Generated from GeoTIFF</ows:Abstract><ows:Keywords><ows:Keyword>WCS</ows:Keyword><ows:Keyword>GeoTIFF</ows:Keyword><ows:Keyword>Rain A2 Change between 2000 and 2050 Median</ows:Keyword></ows:Keywords><ows:WGS84BoundingBox><ows:LowerCorner>9.0 -35.5</ows:LowerCorner><ows:UpperCorner>42.5 0.0</ows:UpperCorner></ows:WGS84BoundingBox><wcs:Identifier>DEA_CARBON_II:Rain A2 Change between 2000 and 2050 Median</wcs:Identifier></wcs:CoverageSummary><wcs:CoverageSummary><ows:Title>SAR 1km Above Ground Biomass Woody (tDM/ha)</ows:Title><ows:Abstract>Generated from GeoTIFF</ows:Abstract><ows:Keywords><ows:Keyword>WCS</ows:Keyword><ows:Keyword>GeoTIFF</ows:Keyword><ows:Keyword>SAR_1km_AboveGroundBiomassWoody_tonnes-ha_DEA_CSIR_1.1-2015-10-27</ows:Keyword></ows:Keywords><ows:WGS84BoundingBox><ows:LowerCorner>29.826684861739142 -26.07667477427618</ows:LowerCorner><ows:UpperCorner>32.225184942838624 -22.250242848906073</ows:UpperCorner></ows:WGS84BoundingBox><wcs:Identifier>DEA_Carbon:SAR_1km_AboveGroundBiomassWoody_tonnes-ha_DEA_CSIR_1.1-2015-10-27</wcs:Identifier></wcs:CoverageSummary><wcs:CoverageSummary><ows:Title>SAR 1km Woody Fractional Cover (%)</ows:Title><ows:Abstract>Generated from GeoTIFF</ows:Abstract><ows:Keywords><ows:Keyword>WCS</ows:Keyword><ows:Keyword>GeoTIFF</ows:Keyword><ows:Keyword>SAR_1km_WoodyFractionalCover_percent_DEA_CSIR_1.1-2015-10-15</ows:Keyword></ows:Keywords><ows:WGS84BoundingBox><ows:LowerCorner>29.826684861739142 -26.07667477427618</ows:LowerCorner><ows:UpperCorner>32.225184942838624 -22.250242848906073</ows:UpperCorner></ows:WGS84BoundingBox><wcs:Identifier>DEA_Carbon:SAR_1km_WoodyFractionalCover_percent_DEA_CSIR_1.1-2015-10-15</wcs:Identifier></wcs:CoverageSummary><wcs:CoverageSummary><ows:Title>SAR_75m_AboveGroundBiomassWoody_tonnes-ha_DEA_CSIR_1.1-2015-10-27</ows:Title><ows:Abstract>Generated from GeoTIFF</ows:Abstract><ows:Keywords><ows:Keyword>WCS</ows:Keyword><ows:Keyword>GeoTIFF</ows:Keyword><ows:Keyword>SAR_75m_AboveGroundBiomassWoody_tonnes-ha_DEA_CSIR_1.1-2015-10-27</ows:Keyword></ows:Keywords><ows:WGS84BoundingBox><ows:LowerCorner>29.826684861739142 -26.07667477427618</ows:LowerCorner><ows:UpperCorner>32.225184942838624 -22.250242848906073</ows:UpperCorner></ows:WGS84BoundingBox><wcs:Identifier>DEA_Carbon:SAR_75m_AboveGroundBiomassWoody_tonnes-ha_DEA_CSIR_1.1-2015-10-27</wcs:Identifier></wcs:CoverageSummary><wcs:CoverageSummary><ows:Title>SAR_75m_WoodyFractionalCover_percent_DEA_CSIR_1.1-2015-10-15</ows:Title><ows:Abstract>Generated from GeoTIFF</ows:Abstract><ows:Keywords><ows:Keyword>WCS</ows:Keyword><ows:Keyword>GeoTIFF</ows:Keyword><ows:Keyword>SAR_75m_WoodyFractionalCover_percent_DEA_CSIR_1.1-2015-10-15</ows:Keyword></ows:Keywords><ows:WGS84BoundingBox><ows:LowerCorner>29.826684861739142 -26.07667477427618</ows:LowerCorner><ows:UpperCorner>32.225184942838624 -22.250242848906073</ows:UpperCorner></ows:WGS84BoundingBox><wcs:Identifier>DEA_Carbon:SAR_75m_WoodyFractionalCover_percent_DEA_CSIR_1.1-2015-10-15</wcs:Identifier></wcs:CoverageSummary><wcs:CoverageSummary><ows:Title>Soil Organic Carbon Unperturbed (gC/sq.m)</ows:Title><ows:Abstract>Generated from GeoTIFF</ows:Abstract><ows:WGS84BoundingBox><ows:LowerCorner>16.45696 -34.8334</ows:LowerCorner><ows:UpperCorner>32.89324 -22.12685</ows:UpperCorner></ows:WGS84BoundingBox><wcs:Identifier>DEA_Carbon:SoilOrganicCarbon_AfSIS_1m_DEA_CSIR_1.1.11-2015-11-11</wcs:Identifier></wcs:CoverageSummary><wcs:CoverageSummary><ows:Title>SoilOrganicCarbon_g_C_sq.m_DEA_CSIR_1.1.9-2015-10-06</ows:Title><ows:Abstract>Generated from GeoTIFF</ows:Abstract><ows:Keywords><ows:Keyword>WCS</ows:Keyword><ows:Keyword>GeoTIFF</ows:Keyword><ows:Keyword>SoilOrganicCarbon_g_C_sq.m_DEA_CSIR_1.1.9-2015-10-06</ows:Keyword></ows:Keywords><ows:WGS84BoundingBox><ows:LowerCorner>15.637660927790398 -35.02706985258885</ows:LowerCorner><ows:UpperCorner>33.65555257021676 -21.918463139317335</ows:UpperCorner></ows:WGS84BoundingBox><wcs:Identifier>DEA_Carbon:SoilOrganicCarbon_g_C_sq.m_DEA_CSIR_1.1.9-2015-10-06</wcs:Identifier></wcs:CoverageSummary><wcs:CoverageSummary><ows:Title>Test</ows:Title><ows:Abstract>Generated from GeoTIFF</ows:Abstract><ows:Keywords><ows:Keyword>WCS</ows:Keyword><ows:Keyword>GeoTIFF</ows:Keyword><ows:Keyword>Test</ows:Keyword></ows:Keywords><ows:WGS84BoundingBox><ows:LowerCorner>-868958.792814054 -3864574.4240013864</ows:LowerCorner><ows:UpperCorner>803222.9240476162 -2429067.075315728</ows:UpperCorner></ows:WGS84BoundingBox><wcs:Identifier>DEA_Carbon:Test</wcs:Identifier></wcs:CoverageSummary><wcs:CoverageSummary><ows:Title>Tmax 1986-2015 10th Percentile</ows:Title><ows:Abstract>Generated from GeoTIFF</ows:Abstract><ows:Keywords><ows:Keyword>WCS</ows:Keyword><ows:Keyword>GeoTIFF</ows:Keyword><ows:Keyword>Tmax 1986-2015 10th Percentile</ows:Keyword></ows:Keywords><ows:WGS84BoundingBox><ows:LowerCorner>9.0 -35.5</ows:LowerCorner><ows:UpperCorner>42.5 0.0</ows:UpperCorner></ows:WGS84BoundingBox><wcs:Identifier>DEA_CARBON_II:Tmax 1986-2015 10th Percentile</wcs:Identifier></wcs:CoverageSummary><wcs:CoverageSummary><ows:Title>Tmax 1986-2015 90th Percentile</ows:Title><ows:Abstract>Generated from GeoTIFF</ows:Abstract><ows:Keywords><ows:Keyword>WCS</ows:Keyword><ows:Keyword>GeoTIFF</ows:Keyword><ows:Keyword>Tmax 1986-2015 90th Percentile</ows:Keyword></ows:Keywords><ows:WGS84BoundingBox><ows:LowerCorner>9.0 -35.5</ows:LowerCorner><ows:UpperCorner>42.5 0.0</ows:UpperCorner></ows:WGS84BoundingBox><wcs:Identifier>DEA_CARBON_II:Tmax 1986-2015 90th Percentile</wcs:Identifier></wcs:CoverageSummary><wcs:CoverageSummary><ows:Title>Tmax 1986-2015 Median</ows:Title><ows:Abstract>Generated from GeoTIFF</ows:Abstract><ows:Keywords><ows:Keyword>WCS</ows:Keyword><ows:Keyword>GeoTIFF</ows:Keyword><ows:Keyword>Tmax 1986-2015 Median</ows:Keyword></ows:Keywords><ows:WGS84BoundingBox><ows:LowerCorner>9.0 -35.5</ows:LowerCorner><ows:UpperCorner>42.5 0.0</ows:UpperCorner></ows:WGS84BoundingBox><wcs:Identifier>DEA_CARBON_II:Tmax 1986-2015 Median</wcs:Identifier></wcs:CoverageSummary><wcs:CoverageSummary><ows:Title>Tmax A2 Change between 2000 and 2050 10th Percentile</ows:Title><ows:Abstract>Generated from GeoTIFF</ows:Abstract><ows:Keywords><ows:Keyword>WCS</ows:Keyword><ows:Keyword>GeoTIFF</ows:Keyword><ows:Keyword>Tmax A2 Change between 2000 and 2050 10th Percentile</ows:Keyword></ows:Keywords><ows:WGS84BoundingBox><ows:LowerCorner>9.0 -35.5</ows:LowerCorner><ows:UpperCorner>42.5 0.0</ows:UpperCorner></ows:WGS84BoundingBox><wcs:Identifier>DEA_CARBON_II:Tmax A2 Change between 2000 and 2050 10th Percentile</wcs:Identifier></wcs:CoverageSummary><wcs:CoverageSummary><ows:Title>Tmax A2 Change between 2000 and 2050 90th Percentile</ows:Title><ows:Abstract>Generated from GeoTIFF</ows:Abstract><ows:Keywords><ows:Keyword>WCS</ows:Keyword><ows:Keyword>GeoTIFF</ows:Keyword><ows:Keyword>Tmax A2 Change between 2000 and 2050 90th Percentile</ows:Keyword></ows:Keywords><ows:WGS84BoundingBox><ows:LowerCorner>9.0 -35.5</ows:LowerCorner><ows:UpperCorner>42.5 0.0</ows:UpperCorner></ows:WGS84BoundingBox><wcs:Identifier>DEA_CARBON_II:Tmax A2 Change between 2000 and 2050 90th Percentile</wcs:Identifier></wcs:CoverageSummary><wcs:CoverageSummary><ows:Title>Tmax A2 Change between 2000 and 2050 Median</ows:Title><ows:Abstract>Generated from GeoTIFF</ows:Abstract><ows:Keywords><ows:Keyword>WCS</ows:Keyword><ows:Keyword>GeoTIFF</ows:Keyword><ows:Keyword>Tmax A2 Change between 2000 and 2050 Median</ows:Keyword></ows:Keywords><ows:WGS84BoundingBox><ows:LowerCorner>9.0 -35.5</ows:LowerCorner><ows:UpperCorner>42.5 0.0</ows:UpperCorner></ows:WGS84BoundingBox><wcs:Identifier>DEA_CARBON_II:Tmax A2 Change between 2000 and 2050 Median</wcs:Identifier></wcs:CoverageSummary><wcs:CoverageSummary><ows:Title>Tmin 1986-2015 10th Percentile</ows:Title><ows:Abstract>Generated from GeoTIFF</ows:Abstract><ows:Keywords><ows:Keyword>WCS</ows:Keyword><ows:Keyword>GeoTIFF</ows:Keyword><ows:Keyword>Tmin 1986-2015 10th Percentile</ows:Keyword></ows:Keywords><ows:WGS84BoundingBox><ows:LowerCorner>9.0 -35.5</ows:LowerCorner><ows:UpperCorner>42.5 0.0</ows:UpperCorner></ows:WGS84BoundingBox><wcs:Identifier>DEA_CARBON_II:Tmin 1986-2015 10th Percentile</wcs:Identifier></wcs:CoverageSummary><wcs:CoverageSummary><ows:Title>Tmin 1986-2015 90th Percentile</ows:Title><ows:Abstract>Generated from GeoTIFF</ows:Abstract><ows:Keywords><ows:Keyword>WCS</ows:Keyword><ows:Keyword>GeoTIFF</ows:Keyword><ows:Keyword>Tmin 1986-2015 90th Percentile</ows:Keyword></ows:Keywords><ows:WGS84BoundingBox><ows:LowerCorner>9.0 -35.5</ows:LowerCorner><ows:UpperCorner>42.5 0.0</ows:UpperCorner></ows:WGS84BoundingBox><wcs:Identifier>DEA_CARBON_II:Tmin 1986-2015 90th Percentile</wcs:Identifier></wcs:CoverageSummary><wcs:CoverageSummary><ows:Title>Tmin 1986-2015 Median</ows:Title><ows:Abstract>Generated from GeoTIFF</ows:Abstract><ows:Keywords><ows:Keyword>WCS</ows:Keyword><ows:Keyword>GeoTIFF</ows:Keyword><ows:Keyword>Tmin 1986-2015 Median</ows:Keyword></ows:Keywords><ows:WGS84BoundingBox><ows:LowerCorner>9.0 -35.5</ows:LowerCorner><ows:UpperCorner>42.5 0.0</ows:UpperCorner></ows:WGS84BoundingBox><wcs:Identifier>DEA_CARBON_II:Tmin 1986-2015 Median</wcs:Identifier></wcs:CoverageSummary><wcs:CoverageSummary><ows:Title>Tmin A2 Change between 2000 and 2050 10th Percentile</ows:Title><ows:Abstract>Generated from GeoTIFF</ows:Abstract><ows:Keywords><ows:Keyword>WCS</ows:Keyword><ows:Keyword>GeoTIFF</ows:Keyword><ows:Keyword>Tmin A2 Change between 2000 and 2050 10th Percentile</ows:Keyword></ows:Keywords><ows:WGS84BoundingBox><ows:LowerCorner>9.0 -35.5</ows:LowerCorner><ows:UpperCorner>42.5 0.0</ows:UpperCorner></ows:WGS84BoundingBox><wcs:Identifier>DEA_CARBON_II:Tmin A2 Change between 2000 and 2050 10th Percentile</wcs:Identifier></wcs:CoverageSummary><wcs:CoverageSummary><ows:Title>Tmin A2 Change between 2000 and 2050 90th Percentile</ows:Title><ows:Abstract>Generated from GeoTIFF</ows:Abstract><ows:Keywords><ows:Keyword>WCS</ows:Keyword><ows:Keyword>GeoTIFF</ows:Keyword><ows:Keyword>Tmin A2 Change between 2000 and 2050 90th Percentile</ows:Keyword></ows:Keywords><ows:WGS84BoundingBox><ows:LowerCorner>9.0 -35.5</ows:LowerCorner><ows:UpperCorner>42.5 0.0</ows:UpperCorner></ows:WGS84BoundingBox><wcs:Identifier>DEA_CARBON_II:Tmin A2 Change between 2000 and 2050 90th Percentile</wcs:Identifier></wcs:CoverageSummary><wcs:CoverageSummary><ows:Title>Tmin A2 Change between 2000 and 2050 Median</ows:Title><ows:Abstract>Generated from GeoTIFF</ows:Abstract><ows:Keywords><ows:Keyword>WCS</ows:Keyword><ows:Keyword>GeoTIFF</ows:Keyword><ows:Keyword>Tmin A2 Change between 2000 and 2050 Median</ows:Keyword></ows:Keywords><ows:WGS84BoundingBox><ows:LowerCorner>9.0 -35.5</ows:LowerCorner><ows:UpperCorner>42.5 0.0</ows:UpperCorner></ows:WGS84BoundingBox><wcs:Identifier>DEA_CARBON_II:Tmin A2 Change between 2000 and 2050 Median</wcs:Identifier></wcs:CoverageSummary><wcs:CoverageSummary><ows:Title>Total Biomass Carbon  - Transformed areas (gC/sq.m)</ows:Title><ows:Abstract>Generated from GeoTIFF</ows:Abstract><ows:Keywords><ows:Keyword>WCS</ows:Keyword><ows:Keyword>GeoTIFF</ows:Keyword><ows:Keyword>TotalBiomassCarbon _Transformed_areas_g_C_sq.m_DEA_CSIR_1.1.11-2015-11-11</ows:Keyword><ows:Keyword>TBOC</ows:Keyword><ows:Keyword>Total biomass carbon crops</ows:Keyword><ows:Keyword>total biomass carbon plantations</ows:Keyword><ows:Keyword>total biomass carbon transformed</ows:Keyword></ows:Keywords><ows:WGS84BoundingBox><ows:LowerCorner>15.637660927790398 -35.02706985258885</ows:LowerCorner><ows:UpperCorner>33.65555257021676 -21.918463139317335</ows:UpperCorner></ows:WGS84BoundingBox><wcs:Identifier>DEA_Carbon:TotalBiomassCarbon _Transformed_areas_g_C_sq.m_DEA_CSIR_1.1.11-2015-11-11</wcs:Identifier></wcs:CoverageSummary><wcs:CoverageSummary><ows:Title>Total Biomass Carbon - Natural areas (gC/sq.m)</ows:Title><ows:Abstract>Generated from GeoTIFF</ows:Abstract><ows:Keywords><ows:Keyword>WCS</ows:Keyword><ows:Keyword>GeoTIFF</ows:Keyword><ows:Keyword>TotalBiomassCarbon_Natural_areas_g_C_sq.m_DEA_CSIR_1.1.11-2015-11-11</ows:Keyword></ows:Keywords><ows:WGS84BoundingBox><ows:LowerCorner>15.637660927790398 -35.02706985258885</ows:LowerCorner><ows:UpperCorner>33.65555257021676 -21.918463139317335</ows:UpperCorner></ows:WGS84BoundingBox><wcs:Identifier>DEA_Carbon:TotalBiomassCarbon_Natural_areas_g_C_sq.m_DEA_CSIR_1.1.11-2015-11-11</wcs:Identifier></wcs:CoverageSummary><wcs:CoverageSummary><ows:Title>Total Biomass Organic Carbon - Natural and Transformed areas (gC/sq.m)</ows:Title><ows:Abstract>Generated from GeoTIFF</ows:Abstract><ows:Keywords><ows:Keyword>WCS</ows:Keyword><ows:Keyword>GeoTIFF</ows:Keyword><ows:Keyword>TotalBiomassOrganicCarbon_Natural_and Transformed_areas_g_C_sq.m_DEA_CSIR_1.1.11-2015-11-11</ows:Keyword></ows:Keywords><ows:WGS84BoundingBox><ows:LowerCorner>15.637660927790398 -35.02706985258885</ows:LowerCorner><ows:UpperCorner>33.65555257021676 -21.918463139317335</ows:UpperCorner></ows:WGS84BoundingBox><wcs:Identifier>DEA_Carbon:TotalBiomassOrganicCarbon_Natural_and Transformed_areas_g_C_sq.m_DEA_CSIR_1.1.11-2015-11-11</wcs:Identifier></wcs:CoverageSummary><wcs:CoverageSummary><ows:Title>Total Ecosystem Organic Carbon (gC/sq.m)</ows:Title><ows:Abstract>Generated from GeoTIFF</ows:Abstract><ows:Keywords><ows:Keyword>WCS</ows:Keyword><ows:Keyword>GeoTIFF</ows:Keyword><ows:Keyword>TotalEcosystemOrganicCarbon_g_C_sq.m_DEA_CSIR_1.1.9-2015-10-06</ows:Keyword><ows:Keyword>TEOC</ows:Keyword><ows:Keyword>Ecosystem Carbon</ows:Keyword><ows:Keyword>Organic Carbon</ows:Keyword><ows:Keyword>Carbon atlas</ows:Keyword></ows:Keywords><ows:WGS84BoundingBox><ows:LowerCorner>15.637660927790398 -35.02706985258885</ows:LowerCorner><ows:UpperCorner>33.65555257021676 -21.918463139317335</ows:UpperCorner></ows:WGS84BoundingBox><wcs:Identifier>DEA_Carbon:TotalEcosystemOrganicCarbon_g_C_sq.m_DEA_CSIR_1.1.9-2015-10-06</wcs:Identifier></wcs:CoverageSummary><wcs:CoverageSummary><ows:Title>TotalBiomassCarbon _Transformed_areas_g_C_sq.m_DEA_CSIR_1.1.11-2015-11-11_test</ows:Title><ows:Abstract>Generated from GeoTIFF</ows:Abstract><ows:Keywords><ows:Keyword>WCS</ows:Keyword><ows:Keyword>GeoTIFF</ows:Keyword><ows:Keyword>TotalBiomassCarbon _Transformed_areas_g_C_sq.m_DEA_CSIR_1.1.11-2015-11-11_test</ows:Keyword></ows:Keywords><ows:WGS84BoundingBox><ows:LowerCorner>15.637660927790398 -35.02706985258885</ows:LowerCorner><ows:UpperCorner>33.65555257021676 -21.918463139317335</ows:UpperCorner></ows:WGS84BoundingBox><wcs:Identifier>DEA_Carbon:TotalBiomassCarbon _Transformed_areas_g_C_sq.m_DEA_CSIR_1.1.11-2015-11-11_test</wcs:Identifier></wcs:CoverageSummary></wcs:Contents></wcs:Capabilities>